,City,Lat,Lng,Max Temp,Humidity,Cloudiness,Wind Speed,Country,Date
0,bluff,-46.6,168.33,37.0,93,54,3.0,NZ,1591993398
1,upernavik,72.79,-56.15,32.67,94,0,3.11,GL,1591993408
2,hamilton,39.18,-84.53,84.99,28,40,6.93,US,1591993408
3,tasiilaq,65.61,-37.64,39.2,80,6,14.99,GL,1591993408
4,busselton,-33.65,115.33,48.99,81,68,10.58,AU,1591993408
5,new norfolk,6.65,-10.59,80.6,83,20,3.36,LR,1591993418
6,hilo,19.73,-155.09,80.6,57,90,3.36,US,1591993419
7,esmeraldas,-19.76,-44.31,78.8,41,7,10.29,BR,1591993419
8,talnakh,69.49,88.4,39.2,72,0,13.42,RU,1591993429
9,victoria,22.29,114.16,82.0,83,40,13.18,HK,1591993379
10,yerbogachen,61.28,108.01,42.46,84,66,8.21,RU,1591993439
11,veraval,20.9,70.37,85.95,78,79,6.46,IN,1591993439
12,robertsport,6.75,-11.37,79.43,85,100,9.13,LR,1591993439
13,punta arenas,8.99,125.34,76.78,86,98,5.26,PH,1591993439
14,tuktoyaktuk,69.45,-133.04,53.6,54,75,12.75,CA,1591993440
15,narasannapeta,18.42,84.05,82.27,84,100,4.34,IN,1591993440
16,saryozek,44.36,77.98,56.8,52,0,5.7,KZ,1591993450
17,saint-philippe,-21.36,55.77,71.6,60,75,8.05,RE,1591993460
18,georgetown,5.41,100.34,77.0,94,20,3.36,MY,1591993460
19,payo,-3.75,103.64,72.19,95,96,2.33,ID,1591993460
20,jiblah,13.92,44.15,69.96,57,74,4.76,YE,1591993460
21,barrow,71.29,-156.79,37.4,86,75,8.05,US,1591993201
22,beringovskiy,63.05,179.32,46.74,68,23,3.8,RU,1591993471
23,cape town,-36.41,-71.9,55.4,54,40,2.24,CL,1591993471
24,kodiak,57.79,-152.41,55.4,62,75,5.55,US,1591993471
25,esperance,-33.87,121.9,46.4,93,90,14.99,AU,1591993482
26,cabo san lucas,-8.28,-35.03,80.6,78,40,12.75,BR,1591993482
27,nikolskoye,59.7,30.79,62.6,45,7,6.71,RU,1591993482
28,necochea,-38.55,-58.74,55.99,59,55,5.99,AR,1591993359
29,bredasdorp,-34.53,20.04,53.6,66,58,7.58,ZA,1591993483
30,yumen,40.28,97.2,60.76,29,9,8.72,CN,1591993483
31,ushuaia,-54.8,-68.3,33.8,80,90,29.97,AR,1591993412
32,mvomero,-6.25,38.67,77.0,83,75,5.82,TZ,1591993483
33,tuatapere,-46.13,167.68,37.0,93,61,3.0,NZ,1591993483
34,leh,34.17,77.58,50.36,45,0,5.68,IN,1591993484
35,east london,65.0,-15.0,60.8,51,0,20.8,IS,1591993494
36,yabrud,33.97,36.66,68.0,30,0,9.17,SY,1591993494
37,ban dung,20.02,104.61,74.01,84,83,3.02,LA,1591993494
38,ossora,59.24,163.07,54.61,53,79,8.14,RU,1591993494
39,atuona,-9.8,-139.03,80.92,80,8,23.91,PF,1591993494
40,mezen,65.85,44.24,38.59,95,38,5.26,RU,1591993494
41,bengkulu,-3.8,102.27,75.36,91,100,4.05,ID,1591993504
42,puerto ayora,36.59,-6.23,71.01,68,1,18.34,ES,1591993504
43,hobart,-42.88,147.33,44.01,93,94,5.82,AU,1591993318
44,kuandian,40.73,124.78,57.22,91,0,2.13,CN,1591993505
45,mataura,-46.19,168.86,37.0,93,27,3.0,NZ,1591993505
46,erzin,36.96,36.2,71.01,82,17,6.42,TR,1591993515
47,ilulissat,69.22,-51.1,39.2,69,5,6.93,GL,1591993525
48,lagoa,39.05,-27.98,63.72,84,100,11.18,PT,1591993525
49,port alfred,-7.03,29.76,73.85,57,11,6.73,CD,1591993525
50,mehamn,71.04,27.85,48.2,70,71,19.46,NO,1591993525
51,butaritari,3.07,172.79,82.17,79,68,14.27,KI,1591993526
52,nanakuli,21.39,-158.15,84.2,57,75,17.22,US,1591993536
53,chapais,49.78,-74.85,46.4,61,90,8.05,CA,1591993536
54,rikitea,-23.12,-134.97,75.52,81,10,18.88,PF,1591993517
55,richards bay,46.84,-95.91,69.8,40,1,6.93,US,1591993546
56,pevek,69.7,170.31,43.65,77,52,1.48,RU,1591993546
57,mar del plata,43.4,-4.01,63.0,72,68,3.36,ES,1591993546
58,chuy,-33.7,-53.46,65.01,87,45,3.29,UY,1591993556
59,yellowknife,62.46,-114.35,61.0,59,75,8.05,CA,1591993478
60,moses lake,6.69,-8.48,74.46,93,42,3.65,CI,1591993566
61,eskisehir,39.78,30.52,59.0,76,75,5.82,TR,1591993577
62,avarua,-21.21,-159.78,75.2,64,44,4.7,CK,1591993577
63,lyaskelya,61.77,31.02,53.92,69,21,5.86,RU,1591993577
64,rawson,-43.3,-65.1,39.85,81,100,29.06,AR,1591993584
65,sunland park,38.89,-101.82,89.01,27,0,8.01,US,1591993585
66,kaitangata,-46.28,169.85,41.0,75,1,1.01,NZ,1591993585
67,cherskiy,68.75,161.3,64.65,51,89,9.98,RU,1591993585
68,mangai,-4.05,19.53,74.12,75,56,1.23,CD,1591993585
69,xinzhou,38.41,112.73,68.04,63,50,0.65,CN,1591993585
70,caravelas,-17.71,-39.25,76.42,80,0,6.62,BR,1591993585
71,pisco,-13.7,-76.22,68.0,77,0,9.17,PE,1591993585
72,pedasi,7.53,-80.03,82.44,74,30,9.6,PA,1591993586
73,buraydah,26.33,43.98,91.4,18,0,10.29,SA,1591993351
74,qaanaaq,77.48,-69.36,35.6,85,39,2.33,GL,1591993586
75,nanchang,28.68,115.88,79.54,78,100,5.14,CN,1591993586
76,pakala,13.47,79.12,77.88,66,77,4.25,IN,1591993586
77,port keats,-7.03,29.76,73.85,57,11,6.73,CD,1591993586
78,ornskoldsvik,63.29,18.72,59.0,41,0,3.36,SE,1591993586
79,kruisfontein,-34.0,24.73,49.1,59,0,9.19,ZA,1591993587
80,san vicente,13.3,-4.9,99.9,22,100,4.97,ML,1591993587
81,mys shmidta,62.06,48.62,41.9,70,0,5.7,RU,1591993587
82,chumikan,54.72,135.31,40.17,85,100,4.25,RU,1591993587
83,ribeira grande,42.75,-8.44,61.0,87,40,9.17,ES,1591993587
84,saint-pierre,-21.34,55.48,68.0,60,75,8.05,RE,1591993575
85,carmaux,44.05,2.16,62.01,78,20,5.37,FR,1591993587
86,yaan,7.38,8.57,78.3,80,99,7.02,NG,1591993588
87,faanui,-16.48,-151.75,80.4,82,1,11.56,PF,1591993538
88,katobu,-4.94,122.53,74.7,94,48,3.58,ID,1591993588
89,tshikapa,-6.42,20.8,75.09,55,0,0.27,CD,1591993588
90,bambous virieux,-20.26,57.41,71.6,88,75,14.99,MU,1591993588
91,hithadhoo,-0.6,73.08,84.88,72,100,6.82,MV,1591993588
92,crixas,-14.55,-49.97,84.56,47,0,3.56,BR,1591993588
93,ahipara,-35.17,173.17,53.47,81,36,0.07,NZ,1591993589
94,aykhal,66.0,111.5,44.6,93,90,6.71,RU,1591993589
95,husavik,66.04,-17.34,57.2,50,75,26.4,IS,1591993589
96,vaini,-21.2,-175.2,71.6,68,40,11.41,TO,1591993589
97,ternate,0.8,127.4,80.51,79,87,4.88,ID,1591993589
98,albany,42.6,-73.97,79.0,40,12,11.7,US,1591993589
99,haukipudas,65.18,25.35,57.2,71,91,6.93,FI,1591993590
100,kapaa,22.08,-159.32,82.4,65,90,19.46,US,1591993372
101,castro,-24.79,-50.01,68.88,76,0,5.95,BR,1591993580
102,hofn,64.25,-15.21,50.0,87,75,14.99,IS,1591993590
103,hermanus,-34.42,19.23,50.0,84,85,12.26,ZA,1591993590
104,chardara,41.25,67.97,73.58,44,0,4.27,KZ,1591993590
105,dunedin,-45.87,170.5,44.01,74,0,1.01,NZ,1591993368
106,paraiso,9.84,-83.87,80.6,69,75,10.29,CR,1591993591
107,constitucion,-35.33,-72.42,54.61,68,0,9.06,CL,1591993583
108,port blair,-7.03,29.76,74.37,56,3,6.67,CD,1591993591
109,grand river south east,38.88,-109.5,93.2,9,1,8.05,US,1591993352
110,sioux lookout,42.73,-96.23,88.0,29,1,4.7,US,1591993591
111,nanortalik,60.14,-45.24,39.78,89,100,20.65,GL,1591993591
112,lebu,-37.62,-73.65,51.85,70,0,8.21,CL,1591993591
113,margate,51.38,1.39,62.01,86,78,3.0,GB,1591993592
114,grand gaube,38.88,-109.5,93.2,9,1,8.05,US,1591993592
115,norman wells,35.22,-97.44,91.0,31,1,12.75,US,1591993362
116,mayo,38.89,-76.51,84.99,51,20,10.29,US,1591993592
117,akhtubinsk,48.28,46.17,84.76,31,17,19.33,RU,1591993592
118,siniscola,40.57,9.69,73.4,60,0,2.24,IT,1591993593
119,jamestown,42.1,-79.24,64.99,55,20,17.22,US,1591993482
120,cidreira,-30.18,-50.21,68.56,93,43,2.75,BR,1591993593
121,sladkovo,55.53,70.34,62.13,91,91,9.17,RU,1591993593
122,cedar city,41.21,-92.53,87.8,22,1,4.61,US,1591993593
123,kudahuvadhoo,2.67,72.89,83.8,75,100,11.63,MV,1591993593
124,pitimbu,-7.47,-34.81,78.8,83,96,9.17,BR,1591993593
125,chokurdakh,70.63,147.92,54.84,71,100,5.55,RU,1591993590
126,saurimo,-9.66,20.39,65.34,33,0,5.26,AO,1591993594
127,udachnyy,66.42,112.4,44.6,93,90,6.71,RU,1591993525
128,thessalon,46.25,-83.57,51.8,53,40,11.41,CA,1591993594
129,isiolo,0.35,37.58,69.53,71,64,5.97,KE,1591993594
130,saint-francois,46.42,3.91,55.99,87,100,6.93,FR,1591993594
131,ocampo,21.65,-101.5,70.81,47,38,18.45,MX,1591993594
132,kamariotissa,40.48,25.47,69.8,83,20,3.36,GR,1591993594
133,muriti,-1.98,32.92,71.6,83,20,6.35,TZ,1591993595
134,banepa,27.63,85.52,73.4,88,75,0.58,NP,1591993595
135,nizwa,22.93,57.53,93.45,20,22,3.24,OM,1591993595
136,thompson,55.74,-97.86,60.8,25,40,8.05,CA,1591993595
137,ginir,7.13,40.7,57.61,98,80,6.24,ET,1591993595
138,trat,12.5,102.5,77.41,90,34,1.79,TH,1591993595
139,coldingham,55.89,-2.16,51.01,1,100,12.71,GB,1591993595
140,airai,-8.93,125.41,59.43,100,80,3.49,TL,1591993595
141,grindavik,63.84,-22.43,44.6,93,90,17.22,IS,1591993596
142,torbay,47.67,-52.73,69.8,43,20,10.29,CA,1591993588
143,coihaique,-45.58,-72.07,35.6,83,40,3.36,CL,1591993596
144,sinnamary,5.38,-52.95,80.62,85,90,10.2,GF,1591993596
145,mineiros,-17.57,-52.55,77.95,55,0,4.16,BR,1591993457
146,khatanga,71.97,102.5,39.27,71,96,7.67,RU,1591993594
147,rosetta,31.4,30.42,80.6,51,40,8.05,EG,1591993596
148,andenes,69.31,16.12,50.0,76,0,2.24,NO,1591993597
149,zaysan,47.47,84.87,62.82,40,2,6.26,KZ,1591993597
150,talavera,15.62,120.93,77.0,88,75,4.7,PH,1591993597
151,coquimbo,-29.95,-71.34,62.6,63,0,12.75,CL,1591993319
152,souillac,-20.52,57.52,71.6,88,75,14.99,MU,1591993597
153,guerrero negro,17.67,-100.0,86.49,37,3,4.16,MX,1591993597
154,kavieng,-2.57,150.8,81.84,78,12,8.95,PG,1591993597
155,filingue,14.35,3.32,90.41,48,0,9.69,NE,1591993597
156,mount isa,53.66,-1.85,54.0,99,100,5.01,GB,1591993598
157,carnarvon,-24.87,113.63,63.63,70,24,22.19,AU,1591993598
158,arkansas city,34.75,-92.5,88.0,33,1,6.71,US,1591993598
159,zaranj,30.97,61.88,80.6,24,0,16.11,AF,1591993598
160,hasaki,35.73,140.83,73.4,94,75,7.94,JP,1591993599
161,antofagasta,-23.65,-70.4,60.8,77,90,13.87,CL,1591993599
162,sao joao da barra,20.51,76.21,77.09,80,100,14.85,IN,1591993599
163,tahe,52.33,124.73,49.06,77,4,3.53,CN,1591993600
164,kastamonu,41.5,33.67,53.69,87,100,3.02,TR,1591993600
165,manavalakurichi,8.13,77.3,82.4,88,40,1.12,IN,1591993600
166,luderitz,-26.65,15.16,62.6,29,0,6.93,,1591993600
167,bagotville,-28.98,153.42,60.8,93,75,4.97,AU,1591993600
168,mogadishu,2.04,45.34,79.83,80,93,18.37,SO,1591993600
169,nola,40.92,14.53,66.0,68,0,2.84,IT,1591993600
170,severo-kurilsk,50.68,156.12,42.12,93,100,22.77,RU,1591993600
171,senador jose porfirio,18.82,-71.9,87.8,62,75,14.99,HT,1591993600
172,bodden town,51.2,-2.52,59.0,91,39,1.01,GB,1591993601
173,trairi,-3.28,-39.27,78.21,89,69,9.82,BR,1591993601
174,paita,-5.09,-81.11,78.8,57,0,18.34,PE,1591993601
175,port hardy,-7.03,29.76,73.85,57,11,6.73,CD,1591993586
176,santa cruz,17.49,120.43,78.96,84,88,6.4,PH,1591993602
177,abbeville,50.1,1.83,60.01,79,78,7.4,FR,1591993602
178,nantucket,41.28,-70.1,66.2,93,90,8.05,US,1591993602
179,salihorsk,52.79,27.54,68.67,91,3,9.8,BY,1591993602
180,emba,48.83,58.14,75.65,27,75,1.9,KZ,1591993602
181,jumla,29.27,82.18,59.47,70,49,0.67,NP,1591993602
182,mahanoro,-19.9,48.8,67.12,86,92,4.25,MG,1591993602
183,longyearbyen,78.22,15.64,39.2,80,75,23.04,SJ,1591993602
184,pangnirtung,66.15,-65.71,37.4,86,75,11.41,CA,1591993603
185,srednekolymsk,67.45,153.68,62.85,55,97,10.63,RU,1591993603
186,mackay,-21.15,149.2,69.8,94,90,5.82,AU,1591993603
187,maceio,-9.67,-35.74,78.8,74,20,6.93,BR,1591993603
188,karlskrona,56.16,15.59,62.6,77,68,12.75,SE,1591993603
189,cairns,-16.92,145.77,73.4,83,90,9.17,AU,1591993603
190,murgab,37.5,61.97,77.0,36,0,4.7,TM,1591993603
191,cruzeiro do sul,-22.58,-44.96,75.2,53,6,2.24,BR,1591993604
192,beloha,-25.17,45.05,62.65,88,0,2.33,MG,1591993604
193,ponta do sol,38.73,-28.27,64.4,82,75,11.41,PT,1591993604
194,saldanha,-33.01,17.94,48.2,87,0,1.12,ZA,1591993604
195,kuala terengganu,3.38,98.62,78.8,94,40,4.7,ID,1591993604
196,aklavik,68.22,-135.01,66.2,42,75,9.17,CA,1591993604
197,guarapari,-20.67,-40.5,81.0,71,96,6.31,BR,1591993604
198,ortakoy,38.74,34.04,59.0,82,75,9.17,TR,1591993604
199,mumford,5.26,-0.76,78.15,88,100,13.85,GH,1591993605
200,riachao do dantas,-7.36,-46.62,83.62,61,65,5.06,BR,1591993605
201,lorengau,-2.02,147.27,82.22,80,42,9.4,PG,1591993605
202,black forest,31.01,-85.74,89.01,38,1,9.17,US,1591993605
203,mitsamiouli,-11.38,43.28,78.08,68,8,5.79,KM,1591993605
204,olga,43.74,135.29,56.37,77,0,3.8,RU,1591993605
205,sitka,57.05,-135.33,55.4,76,20,3.36,US,1591993605
206,ignalina,55.35,26.17,64.0,93,30,11.68,LT,1591993605
207,riyadh,24.69,46.72,93.2,15,0,6.93,SA,1591993487
208,coahuayana,18.73,-103.68,91.4,52,40,11.41,MX,1591993606
209,zonguldak,41.25,31.83,56.84,88,14,4.18,TR,1591993606
210,hovd,48.01,91.64,56.77,36,0,0.29,MN,1591993606
211,dikson,73.51,80.55,33.31,94,66,7.65,RU,1591993583
212,mandurah,-32.55,115.7,51.01,93,90,8.05,AU,1591993606
213,krasnoselkup,65.7,82.47,44.96,63,100,11.05,RU,1591993606
214,kargopol,61.51,38.95,46.06,80,0,5.82,RU,1591993606
215,naron,43.52,-8.15,59.0,87,75,10.29,ES,1591993606
216,pimentel,-6.84,-79.93,71.6,64,11,23.04,PE,1591993607
217,kloulklubed,7.04,134.26,77.0,94,75,4.7,PW,1591993607
218,bandipur,27.93,84.42,69.04,100,90,1.9,NP,1591993607
219,sao filipe,20.51,76.21,77.25,80,100,11.07,IN,1591993461
220,tonantins,-2.87,-67.8,81.82,73,68,1.57,BR,1591993607
221,bubaque,11.28,-15.83,81.9,82,58,9.95,GW,1591993607
222,cockburn town,-32.08,141.0,55.4,54,100,12.75,AU,1591993607
223,nanlong,31.35,106.06,79.2,68,39,1.25,CN,1591993607
224,byron bay,44.03,-92.65,80.6,34,75,8.05,US,1591993397
225,wladyslawowo,54.79,18.4,68.0,85,100,12.66,PL,1591993608
226,pyatovskiy,54.69,36.06,66.2,82,100,13.42,RU,1591993608
227,yantal,56.85,105.25,50.94,63,100,2.89,RU,1591993608
228,braganca paulista,-1.05,-46.77,77.79,96,100,2.08,BR,1591993608
229,avera,33.19,-82.53,89.6,43,1,11.41,US,1591993608
230,kharovsk,59.96,40.19,48.36,79,3,7.36,RU,1591993608
231,marsh harbour,53.65,-1.81,54.0,99,100,5.01,GB,1591993608
232,nichinan,31.6,131.37,77.0,88,75,14.99,JP,1591993609
233,koppies,-27.24,27.57,34.86,76,0,6.46,ZA,1591993609
234,lahaina,20.88,-156.68,87.8,54,20,17.22,US,1591993594
235,itarema,-2.92,-39.92,79.77,85,57,12.46,BR,1591993609
236,clyde river,41.3,-82.98,77.0,47,9,3.0,US,1591993609
237,mizdah,31.45,12.98,83.05,28,16,22.88,LY,1591993609
238,morrope,-6.54,-80.01,71.6,64,3,23.04,PE,1591993609
239,agropoli,40.35,15.0,66.0,73,0,3.0,IT,1591993609
240,geraldton,-28.77,114.6,55.4,71,90,9.17,AU,1591993610
241,neyshabur,36.21,58.8,74.7,18,0,7.7,IR,1591993396
242,high rock,33.61,-95.75,90.0,35,1,3.36,US,1591993610
243,olafsvik,64.89,-23.71,40.69,92,100,17.2,IS,1591993610
244,port elizabeth,-7.03,29.76,73.85,57,11,6.73,CD,1591993610
245,ushtobe,45.25,77.98,61.5,48,7,7.58,KZ,1591993611
246,hailin,44.58,129.42,57.04,95,100,4.05,CN,1591993611
247,humboldt,40.67,-123.92,63.0,45,99,8.99,US,1591993611
248,ostrovnoy,68.05,39.51,48.43,70,100,7.96,RU,1591993611
249,ometepec,16.68,-98.42,93.07,42,84,7.27,MX,1591993611
250,san patricio,13.3,-4.9,99.9,22,100,4.97,ML,1591993611
251,saint-augustin,51.23,-58.65,57.34,84,100,23.49,CA,1591993611
252,bonavista,48.65,-53.11,55.11,53,0,19.42,CA,1591993612
253,montana,43.41,23.23,61.81,71,92,7.02,BG,1591993612
254,hailun,47.45,126.93,58.35,85,4,2.57,CN,1591993612
255,nemuro,43.32,145.57,56.48,71,0,17.27,JP,1591993612
256,sorland,67.67,12.69,57.2,50,0,10.29,NO,1591993612
257,ozernovskiy,51.5,156.52,46.18,76,100,22.01,RU,1591993612
258,vila velha,42.03,-8.16,53.01,90,63,7.0,PT,1591993612
259,naze,28.37,129.48,78.8,100,90,9.17,JP,1591993612
260,iqaluit,63.75,-68.51,42.8,56,40,17.22,CA,1591993586
261,salalah,17.02,54.09,86.0,84,75,6.93,OM,1591993529
262,pasighat,28.07,95.33,77.04,86,69,2.24,IN,1591993613
263,gao,16.64,1.64,101.59,17,7,13.69,ML,1591993613
264,killam,52.78,-111.85,75.18,56,22,12.66,CA,1591993613
265,zlitan,32.47,14.57,74.66,59,0,12.06,LY,1591993613
266,khandyga,62.67,135.6,52.56,64,1,2.71,RU,1591993613
267,nago,26.59,127.98,80.6,88,20,8.05,JP,1591993613
268,talas,38.69,35.55,55.4,87,75,6.93,TR,1591993613
269,olavarria,-36.89,-60.32,55.99,56,49,3.0,AR,1591993614
270,narsaq,60.92,-46.05,42.8,81,75,5.82,GL,1591993614
271,sinegorskiy,48.01,40.84,75.18,45,81,9.93,RU,1591993614
272,half moon bay,6.38,-10.7,80.6,83,20,3.36,LR,1591993614
273,charlestown,-32.95,151.67,55.99,97,97,3.02,AU,1591993614
274,bathsheba,13.22,-59.52,86.0,66,40,14.99,BB,1591993614
275,leningradskiy,69.38,178.42,49.59,71,100,8.46,RU,1591993614
276,palencia,42.42,-4.5,51.01,90,56,4.0,ES,1591993614
277,nyurba,63.28,118.33,48.58,97,22,5.39,RU,1591993615
278,seymchan,62.88,152.43,57.49,58,78,11.92,RU,1591993615
279,toamasina,-18.17,49.38,68.0,94,75,11.41,MG,1591993615
280,aasiaat,68.71,-52.87,35.64,84,0,16.98,GL,1591993615
281,tremedal,-14.98,-41.41,77.45,46,0,7.43,BR,1591993615
282,chimore,-16.98,-65.13,82.58,70,90,1.32,BO,1591993615
283,ratnagiri,16.98,73.3,80.28,88,99,8.41,IN,1591993615
284,nishihara,26.18,127.76,80.6,94,40,12.75,JP,1591993615
285,nabire,-3.37,135.48,75.76,86,10,3.36,ID,1591993593
286,qui nhon,-10.97,-37.6,82.4,65,40,10.29,BR,1591993616
287,agirish,61.92,63.02,41.9,77,41,7.52,RU,1591993586
288,santa isabel do rio negro,17.49,120.43,78.96,84,88,6.4,PH,1591993616
289,hammerfest,70.66,23.68,46.4,75,5,26.4,NO,1591993616
290,chipata,-13.63,32.65,61.45,52,0,6.6,ZM,1591993616
291,nagornyy,52.8,83.55,69.8,46,0,8.95,RU,1591993616
292,merauke,-8.47,140.33,78.39,87,36,11.9,ID,1591993609
293,zapolyarnyy,69.42,30.81,55.4,50,100,9.17,RU,1591993617
294,miri,4.41,114.01,78.8,94,75,4.7,MY,1591993617
295,sedkyrkeshch,61.75,50.92,46.4,65,0,6.71,RU,1591993617
296,sinazongwe,-17.26,27.46,68.11,35,0,11.43,ZM,1591993617
297,eyl,7.98,49.82,84.2,62,100,26.87,SO,1591993617
298,taltal,-25.4,-70.48,65.19,59,15,5.1,CL,1591993617
299,batangafo,7.3,18.28,74.43,79,9,3.6,CF,1591993617
300,alofi,-19.06,-169.92,75.2,73,75,20.8,NU,1591993618
301,dingle,11.0,122.67,77.2,84,90,1.88,PH,1591993618
302,saskylakh,71.92,114.08,40.91,70,28,10.49,RU,1591993618
303,kununurra,-15.77,128.73,64.4,44,0,6.69,AU,1591993618
304,aden,12.78,45.04,89.02,67,0,10.09,YE,1591993496
305,bilibino,68.05,166.44,61.72,60,100,4.12,RU,1591993618
306,maralal,1.1,36.7,59.34,86,31,0.92,KE,1591993618
307,meulaboh,4.14,96.13,78.84,76,97,3.27,ID,1591993619
308,sawtell,-30.38,153.1,61.0,87,90,6.96,AU,1591993619
309,port hedland,-7.03,29.76,73.85,57,11,6.73,CD,1591993525
310,impfondo,1.64,18.07,71.91,92,4,3.18,CG,1591993619
311,kumluca,36.37,30.29,69.94,66,0,3.83,TR,1591993619
312,porto novo,41.15,-8.61,60.01,93,40,3.36,PT,1591993502
313,farap,39.17,63.61,75.2,33,0,4.7,TM,1591993619
314,taoudenni,22.68,-3.98,101.53,13,0,8.9,ML,1591993620
315,changde,29.05,111.68,76.87,96,100,6.24,CN,1591993620
316,podporozhye,60.91,34.17,50.04,72,1,4.74,RU,1591993620
317,skokovi,45.03,15.91,66.0,70,0,1.99,BA,1591993583
318,lompoc,34.64,-120.46,64.99,68,0,14.99,US,1591993346
319,senneterre,48.38,-77.23,37.4,93,90,13.87,CA,1591993620
320,karratha,-20.74,116.85,74.08,44,81,5.79,AU,1591993620
321,bull savanna,6.2,-10.28,80.6,83,20,3.36,LR,1591993621
322,seoul,37.57,126.98,68.0,100,100,4.7,KR,1591993538
323,buala,-8.14,159.59,80.76,73,40,2.53,SB,1591993621
324,koslan,63.46,48.9,40.19,71,35,6.6,RU,1591993621
325,khorixas,-20.37,14.97,58.06,35,0,14.7,,1591993621
326,arteaga,18.47,-102.42,90.72,36,13,4.14,MX,1591993621
327,ancud,-41.87,-73.82,46.99,65,31,5.82,CL,1591993621
328,padang,-0.95,100.35,77.72,79,85,4.9,ID,1591993622
329,tirau,-37.98,175.75,51.01,89,100,1.99,NZ,1591993622
330,glen allen,46.42,-93.52,68.0,52,40,6.93,US,1591993622
331,labuhan,-6.88,112.21,75.92,86,77,5.79,ID,1591993622
332,katsuura,35.13,140.3,75.0,94,100,6.55,JP,1591993622
333,sistranda,63.73,8.83,64.4,68,96,3.36,NO,1591993623
334,pinega,64.7,43.39,40.96,85,7,4.76,RU,1591993623
335,ust-karsk,52.7,118.81,48.63,88,99,2.89,RU,1591993623
336,kaohsiung,22.62,120.31,86.0,70,75,8.05,TW,1591993623
337,kapra,17.48,78.56,77.0,88,40,5.82,IN,1591993623
338,tongren,27.72,109.19,75.24,90,100,2.28,CN,1591993623
339,havoysund,71.0,24.66,46.4,75,49,26.4,NO,1591993623
340,whakatane,-37.96,176.99,51.01,89,100,1.99,NZ,1591993623
341,callaguip,18.07,120.49,82.74,72,100,6.62,PH,1591993624
342,orocue,4.79,-71.34,82.13,79,69,4.9,CO,1591993624
343,eureka,40.8,-124.16,63.0,79,76,5.01,US,1591993377
344,arraial do cabo,-22.84,-46.65,82.4,37,0,5.82,BR,1591993624
345,semey,50.41,80.23,66.02,49,0,5.91,KZ,1591993624
346,lata,40.16,-8.33,61.0,80,13,4.41,PT,1591993624
347,kuruman,-27.45,23.43,33.01,62,0,11.41,ZA,1591993411
348,bud,39.45,-86.18,84.0,23,1,9.17,US,1591993624
349,miranda,3.25,-76.23,80.6,69,75,6.93,CO,1591993625
350,kahului,20.89,-156.47,87.8,40,20,18.34,US,1591993606
351,san pedro,13.3,-4.9,99.9,22,100,4.97,ML,1591993625
352,mulchen,-37.72,-72.23,48.2,87,40,3.13,CL,1591993625
353,balkanabat,39.51,54.37,90.99,11,97,15.77,TM,1591993625
354,deputatskiy,69.3,139.9,56.5,65,100,3.44,RU,1591993625
355,bethel,41.37,-73.41,82.99,34,40,10.29,US,1591993496
356,hay river,52.07,-3.13,60.01,92,93,1.01,GB,1591993626
357,makurdi,7.74,8.51,79.47,76,92,4.32,NG,1591993345
358,boueni,-12.9,45.08,77.0,78,82,5.82,YT,1591993626
359,along,28.17,94.77,73.72,88,99,0.78,IN,1591993626
360,plettenberg bay,51.22,7.88,72.0,72,3,6.4,DE,1591993626
361,kavaratti,10.57,72.64,85.03,75,100,15.57,IN,1591993647
362,copiapo,-27.37,-70.33,64.4,52,0,18.34,CL,1591993422
363,port lincoln,-7.03,29.76,73.85,57,11,6.73,CD,1591993525
364,praia da vitoria,14.92,-23.51,78.8,74,16,14.99,CV,1591993648
365,russell,32.35,-85.2,91.4,38,1,4.7,US,1591993648
366,brae,60.4,-1.35,53.6,87,17,9.17,GB,1591993648
367,gat,31.61,34.76,75.99,55,3,1.01,IL,1591993648
368,adrar,20.5,-10.07,100.74,16,0,12.37,MR,1591993648
369,matara,5.95,80.54,78.98,88,1,8.55,LK,1591993408
370,berlevag,70.86,29.09,50.0,66,97,23.04,NO,1591993649
371,aviles,43.55,-5.92,57.99,93,75,17.22,ES,1591993390
372,bembereke,10.23,2.66,76.96,74,60,4.81,BJ,1591993650
373,novooleksiyivka,46.23,34.64,65.46,85,9,3.47,UA,1591993650
374,provideniya,64.38,-173.3,51.17,63,0,4.38,RU,1591993591
375,vaitape,-16.52,-151.75,81.25,80,1,11.45,PF,1591993650
376,carlyle,38.61,-89.37,89.01,36,0,8.01,US,1591993635
377,burns lake,43.59,-119.05,80.6,15,1,11.27,US,1591993651
378,hohhot,40.81,111.65,62.6,42,40,17.9,CN,1591993651
379,achacachi,-16.05,-68.68,51.87,44,27,4.32,BO,1591993651
380,shelburne,44.08,-80.2,59.0,51,75,12.75,CA,1591993651
381,kalabo,-14.97,22.68,60.96,36,6,10.09,ZM,1591993651
382,touros,-5.2,-35.46,78.8,78,20,6.93,BR,1591993651
383,hong gai,55.51,11.29,64.0,1,73,12.75,DK,1591993651
384,port hawkesbury,-7.03,29.76,73.85,57,11,6.73,CD,1591993610
385,cascais,38.7,-9.42,64.0,82,20,4.7,PT,1591993652
386,namibe,-15.2,12.15,66.33,74,0,5.41,AO,1591993652
387,marzuq,14.4,46.47,85.82,30,96,3.71,YE,1591993652
388,fukuma,33.77,130.47,78.8,88,75,11.41,JP,1591993652
389,luau,-10.71,22.22,63.59,38,0,5.59,AO,1591993652
390,ganzhou,28.82,115.43,77.5,84,100,5.03,CN,1591993652
391,warmbad,-28.45,18.73,45.19,52,0,11.23,,1591993652
392,baturaja,-4.13,104.17,72.9,95,45,2.51,ID,1591993653
393,shimoda,34.67,138.95,74.75,92,99,11.5,JP,1591993653
394,altay,47.87,88.12,58.5,49,0,3.51,CN,1591993653
395,baghdad,33.34,44.4,82.4,28,0,5.82,IQ,1591993653
396,saint-joseph,-21.37,55.62,68.0,60,75,8.05,RE,1591993614
397,jiwani,25.05,61.74,87.73,67,3,5.39,PK,1591993454
398,zheleznogorsk,52.33,35.37,69.76,91,96,8.16,RU,1591993653
399,noumea,-22.28,166.46,64.4,88,20,2.24,NC,1591993470
400,san quintin,13.3,-4.9,99.9,22,100,4.97,ML,1591993587
401,saint-louis,16.33,-15.0,98.6,32,79,6.93,SN,1591993654
402,lipin bor,52.93,15.12,73.99,70,54,1.01,PL,1591993654
403,lesnoye,58.28,35.52,51.06,82,1,4.45,RU,1591993654
404,panama city,9.0,-80.0,84.2,79,20,3.36,PA,1591993511
405,vuktyl,63.86,57.31,41.7,70,93,12.59,RU,1591993654
406,bimbo,4.26,18.42,78.8,78,20,4.7,CF,1591993654
407,tezu,27.92,96.17,76.08,83,99,3.13,IN,1591993654
408,ukiah,39.15,-123.21,66.99,52,90,8.05,US,1591993655
409,tartagal,-22.52,-63.8,81.5,59,40,4.76,AR,1591993654
410,yichang,30.71,111.28,73.99,89,100,1.28,CN,1591993655
411,jalu,29.03,21.55,91.56,23,0,20.31,LY,1591993655
412,panaba,21.28,-88.27,85.73,72,13,11.95,MX,1591993655
413,mgachi,51.05,142.27,42.75,95,100,12.64,RU,1591993655
414,pemba,-12.97,40.52,77.61,75,99,15.19,MZ,1591993655
415,yarmouth,41.71,-70.23,75.0,73,1,8.05,US,1591993656
416,martinez,38.02,-122.13,72.0,49,1,16.11,US,1591993656
417,ixtapa,20.7,-105.2,84.2,79,20,13.87,MX,1591993656
418,klaksvik,62.23,-6.59,48.2,81,21,1.12,FO,1591993656
419,bogorodskoye,56.55,37.88,54.34,97,100,10.85,RU,1591993656
420,tiznit,29.58,-9.5,60.21,72,35,9.22,MA,1591993656
421,kapoeta,4.77,33.59,75.16,77,91,5.12,SS,1591993656
422,ahuimanu,21.44,-157.84,86.0,51,20,16.11,US,1591993657
423,santiago,-33.46,-70.65,55.4,47,20,3.09,CL,1591993583
424,posse,-14.09,-46.37,79.65,43,0,3.02,BR,1591993657
425,mahebourg,-20.41,57.7,71.6,88,75,14.99,MU,1591993657
426,key west,32.73,-101.8,93.2,12,90,13.87,US,1591993657
427,pechenga,69.53,31.17,55.4,50,100,9.17,RU,1591993657
428,zabol,32.25,67.25,68.11,20,0,8.01,AF,1591993583
429,ambovombe,-25.17,46.08,65.34,75,0,5.7,MG,1591993657
430,antequera,37.02,-4.56,73.4,43,20,8.05,ES,1591993658
431,katav-ivanovsk,54.75,58.2,54.52,93,100,7.83,RU,1591993658
432,whitehorse,60.72,-135.05,64.0,51,75,9.17,CA,1591993608
433,kirakira,-10.45,161.92,80.02,83,58,6.33,SB,1591993658
434,fairbanks,64.84,-147.72,69.01,45,90,3.36,US,1591993658
435,port arthur,-7.03,29.76,73.85,57,11,6.73,CD,1591993610
436,goure,13.98,10.27,93.0,40,0,4.0,NE,1591993658
437,ceres,37.59,-120.96,79.0,36,1,23.04,US,1591993658
438,isangel,-19.55,169.27,75.2,73,20,8.05,VU,1591993659
439,layou,13.2,-61.27,82.4,83,75,11.41,VC,1591993659
440,komsomolskiy,40.43,71.72,71.6,37,12,2.24,UZ,1591993659
441,hamme,51.08,4.14,62.01,91,100,3.0,BE,1591993448
442,catamarca,-28.47,-65.79,75.99,64,0,3.0,AR,1591993608
443,morros,-9.45,-46.3,84.69,47,5,5.32,BR,1591993659
444,sakakah,29.97,40.21,82.4,14,0,11.41,SA,1591993660
445,ulaangom,49.98,92.07,56.1,41,0,2.73,MN,1591993660
446,vao,-22.67,167.48,72.16,76,100,20.76,NC,1591993660
447,litoral del san juan,-30.01,-50.16,68.77,92,91,7.2,BR,1591993660
448,alyangula,-13.85,136.42,73.4,94,0,5.93,AU,1591993660
449,biak,-0.91,122.88,76.82,80,60,0.89,ID,1591993660
450,camacha,33.08,-16.33,68.0,77,75,10.29,PT,1591993660
451,inhambane,-23.86,35.38,68.65,59,100,16.42,MZ,1591993661
452,manzhouli,49.6,117.43,55.74,67,100,4.25,CN,1591993661
453,hami,42.8,93.45,68.9,24,0,6.15,CN,1591993661
454,auki,-8.77,160.7,78.19,81,67,3.67,SB,1591993661
455,freeport,40.66,-73.58,84.99,34,20,11.41,US,1591993657
456,bayir,37.27,28.22,68.0,77,20,3.36,TR,1591993661
457,zlobin,45.29,14.65,66.2,77,23,2.24,HR,1591993661
458,anadyr,64.75,177.48,62.6,42,20,13.42,RU,1591993661
459,azovo,54.7,73.02,69.8,49,75,8.95,RU,1591993662
460,shar,49.59,81.05,61.3,59,0,4.61,KZ,1591993662
461,verkhoyansk,67.54,133.38,57.25,56,0,1.68,RU,1591993662
462,najran,17.49,44.13,89.6,22,40,11.41,SA,1591993662
463,beitbridge,-22.22,30.0,58.96,32,0,14.63,ZW,1591993662
464,tecoanapa,16.52,-98.75,87.28,61,67,9.37,MX,1591993662
465,payette,44.08,-116.93,87.8,29,1,3.31,US,1591993662
466,kovur,14.48,79.98,80.1,74,100,4.72,IN,1591993663
467,klamath falls,42.67,-121.75,70.0,34,100,5.99,US,1591993663
468,kisangani,0.52,25.2,75.09,75,46,1.79,CD,1591993663
469,noyabrsk,63.2,75.45,48.81,89,100,16.06,RU,1591993663
470,sawakin,19.11,37.33,88.14,43,0,5.95,SD,1591993663
471,grammichele,37.21,14.64,69.01,56,0,2.24,IT,1591993585
472,kargil,34.57,76.1,49.35,49,71,6.4,IN,1591993663
473,moose jaw,43.66,-110.72,78.8,22,1,4.7,US,1591993664
474,sibenik,43.73,15.91,68.0,64,0,8.05,HR,1591993664
475,weligama,5.97,80.42,79.54,87,1,8.86,LK,1591993664
476,aki,33.5,133.9,74.23,92,98,2.33,JP,1591993664
477,gorodovikovsk,46.09,41.93,67.6,89,100,7.43,RU,1591993664
478,konya,38.17,32.5,57.2,76,75,4.7,TR,1591993664
479,punta de bombon,8.99,125.34,76.78,86,98,5.26,PH,1591993439
480,okitipupa,6.5,4.78,74.79,96,100,4.68,NG,1591993664
481,griffith,41.53,-87.42,73.99,60,1,6.04,US,1591993652
482,devonport,-41.17,146.35,51.01,88,100,3.0,AU,1591993665
483,bundaberg,-24.85,152.35,64.99,93,90,6.93,AU,1591993665
484,mahon,39.89,4.27,68.0,88,40,8.05,ES,1591993590
485,yuli,9.7,10.27,82.62,61,14,6.51,NG,1591993665
486,pouebo,-20.4,164.57,70.66,83,88,13.49,NC,1591993665
487,codrington,-38.27,141.97,55.0,68,100,21.09,AU,1591993665
488,bereda,43.27,-7.54,53.01,100,100,7.0,ES,1591993666
489,tallahassee,30.44,-84.28,91.99,46,75,3.36,US,1591993594
490,tingo maria,-0.9,-79.05,73.4,34,20,12.75,EC,1591993666
491,honningsvag,70.98,25.97,46.4,75,20,18.34,NO,1591993666
492,cibitoke,-2.88,29.25,63.01,90,40,3.29,BI,1591993666
493,tombouctou,20.0,-3.0,102.31,10,18,9.28,ML,1591993666
494,goderich,43.75,-81.72,54.0,84,0,3.0,CA,1591993500
495,tiksi,71.69,128.87,41.74,73,83,2.44,RU,1591993602
496,aranos,-24.13,19.12,37.76,64,0,9.33,,1591993667
497,oriximina,-1.77,-55.87,83.26,79,100,1.83,BR,1591993667
498,swan river,18.22,121.38,74.57,90,89,2.82,PH,1591993667
499,pafos,34.77,32.42,68.0,77,20,4.7,CY,1591993667
500,paamiut,61.99,-49.67,40.15,85,100,19.8,GL,1591993667
501,cayenne,4.93,-52.33,84.2,74,40,6.93,GF,1591993587
502,daru,-9.08,143.21,78.49,89,60,10.71,PG,1591993667
503,skibbereen,51.55,-9.27,57.2,82,75,12.75,IE,1591993667
504,santiago del estero,-33.46,-70.65,55.4,47,20,3.09,CL,1591993650
505,luanda,-8.84,13.23,71.6,78,0,9.17,AO,1591993668
506,pelym,61.01,62.0,44.1,61,27,8.93,RU,1591993668
507,togur,58.36,82.83,61.61,92,100,9.62,RU,1591993668
508,gaogou,34.02,119.19,69.64,96,100,5.84,CN,1591993668
509,howard springs,39.25,-76.93,87.01,41,10,6.53,US,1591993668
510,kampot,10.62,104.18,86.0,74,40,11.41,KH,1591993668
511,hanzhong,33.07,107.03,71.67,77,96,1.68,CN,1591993668
512,west wendover,31.8,-97.09,89.6,29,5,6.93,US,1591993669
513,ust-maya,60.42,134.53,48.49,70,0,5.75,RU,1591993610
514,minot,48.23,-101.3,73.4,40,1,20.8,US,1591993533
515,capinota,-17.72,-66.23,84.2,16,12,4.7,BO,1591993669
516,awbari,26.59,12.78,94.01,11,0,5.99,LY,1591993669
517,asau,46.43,26.4,63.0,84,64,4.9,RO,1591993669
518,issaquah,47.53,-122.03,55.99,87,90,5.82,US,1591993631
519,chuchkovo,54.27,41.45,63.68,94,100,15.01,RU,1591993670
520,aksarka,66.56,67.8,43.27,68,55,13.11,RU,1591993670
521,lusambo,-4.97,23.45,74.52,60,21,0.43,CD,1591993670
522,maldonado,-34.67,-54.92,59.0,93,75,10.29,UY,1591993670
523,kyela,-9.58,33.85,68.29,76,19,3.49,TZ,1591993670
524,puerto leguizamo,36.59,-6.23,71.01,68,0,18.34,ES,1591993670
525,morant bay,17.9,-76.43,86.0,70,20,10.29,JM,1591993670
526,galle,6.04,80.22,81.21,84,0,10.51,LK,1591993671
527,kaseda,31.42,130.32,77.0,88,75,14.99,JP,1591993671
528,rebrikha,53.07,82.34,61.99,67,14,7.74,RU,1591993671
529,lugovoy,42.95,72.76,60.22,48,0,4.7,KZ,1591993671
530,yurimaguas,-5.9,-76.08,91.4,59,20,5.82,PE,1591993671
531,rakiv lis,49.0,24.11,62.53,84,100,4.41,UA,1591993671
532,swellendam,-34.02,20.44,53.6,66,1,5.7,ZA,1591993671
533,manokwari,-0.87,134.08,79.56,74,90,2.71,ID,1591993671
534,tocopilla,-22.09,-70.2,67.33,61,65,11.5,CL,1591993672
535,vostok,46.49,135.88,49.32,99,51,4.99,RU,1591993672
536,ordu,40.91,37.68,68.0,88,75,1.12,TR,1591993672
537,launceston,-41.45,147.17,44.01,100,90,3.36,AU,1591993672
538,jizan,17.33,42.67,93.2,67,0,3.29,SA,1591993672
539,mahendranagar,28.92,80.33,90.43,44,83,7.07,NP,1591993672
540,chifeng,42.27,118.96,68.34,51,100,4.47,CN,1591993672
541,anloga,5.79,0.9,80.6,83,40,8.05,GH,1591993672
542,monrovia,6.3,-10.8,80.6,83,20,3.36,LR,1591993611
543,lasa,46.62,10.7,51.8,66,40,3.36,IT,1591993673
544,svetlogorsk,52.63,29.73,69.49,90,2,9.06,BY,1591993673
545,gravdal,68.12,13.5,57.2,50,0,10.29,NO,1591993673
546,marienburg,54.04,19.03,69.01,88,100,8.05,PL,1591993673
547,bauchi,10.5,10.0,82.09,59,2,6.29,NG,1591993673
548,ratne,51.67,24.53,69.62,89,0,9.24,UA,1591993673
549,nara,34.69,135.8,75.2,94,75,1.12,JP,1591993673
550,tabas,33.6,56.92,87.8,13,0,2.24,IR,1591993674
551,bucyrus,40.81,-82.98,80.6,32,40,11.41,US,1591993674
552,buchanan,5.88,-10.05,80.6,83,20,3.36,LR,1591993674
553,sao felix do xingu,20.51,76.21,77.09,80,100,14.85,IN,1591993461
554,rio gallegos,38.3,21.78,68.0,72,20,8.68,GR,1591993674
555,faya,18.39,42.45,73.4,68,0,2.68,SA,1591993582
556,burnie,-41.07,145.92,51.01,91,100,5.01,AU,1591993674
557,laurens,32.45,-82.92,90.0,66,90,6.93,US,1591993674
558,mahibadhoo,3.78,72.97,84.47,74,100,13.18,MV,1591993675
559,tadine,-21.55,167.88,71.49,75,95,16.98,NC,1591993675
560,ayorou,14.73,0.92,88.5,37,58,30.69,NE,1591993675
561,majene,-3.54,118.97,78.06,86,92,4.59,ID,1591993675
562,mount gambier,53.66,-1.85,54.0,99,100,5.01,GB,1591993598
563,makakilo city,21.35,-158.09,84.2,54,40,6.93,US,1591993377
564,bongaree,-27.08,153.16,57.0,95,69,7.92,AU,1591993675
565,breznice,49.56,13.95,64.0,100,1,6.49,CZ,1591993675
566,xuanhua,40.61,115.04,69.67,59,26,0.09,CN,1591993676
567,ambalavao,-21.83,46.93,53.29,83,0,1.03,MG,1591993676
568,nhulunbuy,-12.23,136.77,77.0,88,90,5.82,AU,1591993676
569,leeton,-34.57,146.4,42.8,100,73,5.82,AU,1591993676
570,dawlatabad,36.41,64.91,76.98,19,0,1.23,AF,1591993676
571,soyo,-6.13,12.37,73.4,81,16,8.95,AO,1591993676
572,mongo,12.18,18.69,92.05,37,0,3.42,TD,1591993676
573,kaeo,-35.1,173.78,46.0,99,71,4.0,NZ,1591993676
574,castelbuono,37.93,14.09,69.01,49,0,3.76,IT,1591993676
